{"cameraMode":{"drawMode":0,"name":"Shaded","section":"Shading Mode"},"sceneLighting":true,"audioPlay":false,"sceneViewState":{"showFog":true,"showMaterialUpdate":false,"showSkybox":true,"showFlares":true,"showImageEffects":true,"showParticleSystems":true},"in2DMode":false,"pivot":{"x":751.081787109375,"y":107.1116943359375,"z":578.955810546875},"rotation":{"x":-0.19814497232437135,"y":0.7947700023651123,"z":-0.46067607402801516,"w":-0.34184664487838747},"size":1021.8629150390625,"orthographic":false}