{"cameraMode":{"drawMode":0,"name":"Shaded","section":"Shading Mode"},"sceneLighting":true,"audioPlay":false,"sceneViewState":{"showFog":true,"showMaterialUpdate":false,"showSkybox":true,"showFlares":true,"showImageEffects":true,"showParticleSystems":true},"in2DMode":false,"pivot":{"x":-1617.46923828125,"y":-949.1165771484375,"z":1319.7628173828125},"rotation":{"x":0.30429181456565859,"y":0.1435927301645279,"z":-0.046456482261419299,"w":0.9405481219291687},"size":6018.09765625,"orthographic":false}