{"cameraMode":{"drawMode":0,"name":"Shaded","section":"Shading Mode"},"sceneLighting":true,"audioPlay":false,"sceneViewState":{"showFog":true,"showMaterialUpdate":false,"showSkybox":true,"showFlares":true,"showImageEffects":true,"showParticleSystems":true},"in2DMode":false,"pivot":{"x":805.6251220703125,"y":-148.78860473632813,"z":269.1636047363281},"rotation":{"x":-0.13413006067276,"y":-0.8426980376243591,"z":0.2458009272813797,"w":-0.45984670519828799},"size":1405.3974609375,"orthographic":false}