{"cameraMode":{"drawMode":0,"name":"Shaded","section":"Shading Mode"},"sceneLighting":true,"audioPlay":false,"sceneViewState":{"showFog":true,"showMaterialUpdate":false,"showSkybox":true,"showFlares":true,"showImageEffects":true,"showParticleSystems":true},"in2DMode":false,"pivot":{"x":-3.366490364074707,"y":-3.923945426940918,"z":13.631978988647461},"rotation":{"x":0.26831772923469546,"y":-0.14383596181869508,"z":0.04055492952466011,"w":0.9516733884811401},"size":39.10187530517578,"orthographic":false}